Sale?,URL,Name,"Prices, Shipping, and Deals",Page URL
SALE,"<a class=""item-title"" href=""https://www.newegg.com/p/2M1-001W-002V7?Description=4k camcorder&amp;cm_re=4k_camcorder-_-9SIABMTBT92459-_-Product"" title=""View Details"">GoPro HERO 7 Black -  With 64GB Micro Sd Card and 50 Piece Accessory Kit - Fully Loaded Bundle</a>",GoPro HERO 7 Black -  With 64GB Micro Sd Card and 50 Piece Accessory Kit - Fully Loaded Bundle,$324.08 $318.65 –Sale Ends in 3 Days (Sat) - Free Shipping,https://www.newegg.com/p/pl?d=4k+camcorder&PageSize=96&page=1
SALE,"<a class=""item-title"" href=""https://www.newegg.com/p/0U7-0005-00388?Description=4k camcorder&amp;cm_re=4k_camcorder-_-0U7-0005-00388-_-Product"" title=""View Details"">Sony HXR-NX80 Full HD XDCAM with HDR &amp; Fast Hybrid AF</a>",Sony HXR-NX80 Full HD XDCAM with HDR & Fast Hybrid AF,"$2,098.00 (2 Offers)–Sale Ends in 5 Days (Mon) - Free Shipping",https://www.newegg.com/p/pl?d=4k+camcorder&PageSize=96&page=1
SALE,"<a class=""item-title"" href=""https://www.newegg.com/p/2M1-00UJ-00004?Description=4k camcorder&amp;cm_re=4k_camcorder-_-9SIANAUCA39643-_-Product"" title=""View Details"">GoPro Hero 5 Black / Hero 5 Black 4K Video Action Camera with Accessories - Basic Package</a>",GoPro Hero 5 Black / Hero 5 Black 4K Video Action Camera with Accessories - Basic Package,$219.99 –Sale Ends in 3 Days (Sat) - Free Shipping,https://www.newegg.com/p/pl?d=4k+camcorder&PageSize=96&page=14
SALE,"<a class=""item-title"" href=""https://www.newegg.com/p/2M1-00UH-00001?Description=4k camcorder&amp;cm_re=4k_camcorder-_-9SIAN1PCA29228-_-Product"" title=""View Details"">GoPro Hero 5 Black / Hero 5 Black 4K Video Action Camera with Accessories - Basic Package</a>",GoPro Hero 5 Black / Hero 5 Black 4K Video Action Camera with Accessories - Basic Package,$189.99 –Sale Ends in 3 Days (Sat) - Free Shipping,https://www.newegg.com/p/pl?d=4k+camcorder&PageSize=96&page=14
SALE,"<a class=""item-title"" href=""https://www.newegg.com/p/2M1-00UJ-00005?Description=4k camcorder&amp;cm_re=4k_camcorder-_-9SIANAUCA40818-_-Product"" title=""View Details"">GoPro Hero 5 Black / Hero 5 Black 4K Video Action Camera with Accessories - Standard Package</a>",GoPro Hero 5 Black / Hero 5 Black 4K Video Action Camera with Accessories - Standard Package,$239.99 –Sale Ends in 3 Days (Sat) - Free Shipping,https://www.newegg.com/p/pl?d=4k+camcorder&PageSize=96&page=14
SALE,"<a class=""item-title"" href=""https://www.newegg.com/p/2M1-00UH-00004?Description=4k camcorder&amp;cm_re=4k_camcorder-_-9SIAN1PCA31118-_-Product"" title=""View Details"">GoPro Hero 5 Black / Hero 5 Black 4K Video Action Camera with Accessories - Standard Package</a>",GoPro Hero 5 Black / Hero 5 Black 4K Video Action Camera with Accessories - Standard Package,$219.99 –Sale Ends in 3 Days (Sat) - Free Shipping,https://www.newegg.com/p/pl?d=4k+camcorder&PageSize=96&page=14
SALE,"<a class=""item-title"" href=""https://www.newegg.com/p/2M1-00UJ-00006?Description=4k camcorder&amp;cm_re=4k_camcorder-_-9SIANAUCA40819-_-Product"" title=""View Details"">GoPro Hero 5 Black / Hero 5 Black 4K Video Action Camera with Accessories - Professional Package</a>",GoPro Hero 5 Black / Hero 5 Black 4K Video Action Camera with Accessories - Professional Package,$269.99 –Sale Ends in 3 Days (Sat) - Free Shipping,https://www.newegg.com/p/pl?d=4k+camcorder&PageSize=96&page=14
SALE,"<a class=""item-title"" href=""https://www.newegg.com/p/2M1-00UH-00002?Description=4k camcorder&amp;cm_re=4k_camcorder-_-9SIAN1PCA31075-_-Product"" title=""View Details"">GoPro Hero 5 Black / Hero 5 Black 4K Video Action Camera with Accessories - Professional Package</a>",GoPro Hero 5 Black / Hero 5 Black 4K Video Action Camera with Accessories - Professional Package,$249.99 –Sale Ends in 3 Days (Sat) - Free Shipping,https://www.newegg.com/p/pl?d=4k+camcorder&PageSize=96&page=14
SALE,"<a class=""item-title"" href=""https://www.newegg.com/p/2M1-00UJ-00007?Description=4k camcorder&amp;cm_re=4k_camcorder-_-9SIANAUCA40820-_-Product"" title=""View Details"">GoPro Hero 5 Black / Hero 5 Black 4K Video Action Camera with Accessories - Premium Package</a>",GoPro Hero 5 Black / Hero 5 Black 4K Video Action Camera with Accessories - Premium Package,$299.99 –Sale Ends in 3 Days (Sat) - Free Shipping,https://www.newegg.com/p/pl?d=4k+camcorder&PageSize=96&page=14
SALE,"<a class=""item-title"" href=""https://www.newegg.com/p/2M1-00UH-00003?Description=4k camcorder&amp;cm_re=4k_camcorder-_-9SIAN1PCA31076-_-Product"" title=""View Details"">GoPro Hero 5 Black / Hero 5 Black 4K Video Action Camera with Accessories - Premuim Package</a>",GoPro Hero 5 Black / Hero 5 Black 4K Video Action Camera with Accessories - Premuim Package,$279.99 –Sale Ends in 3 Days (Sat) - Free Shipping,https://www.newegg.com/p/pl?d=4k+camcorder&PageSize=96&page=14
